FixationDurationInS,BPOGX,BPOGY,Participant,AOIName,TIME(2019/03/15 10:03:10.870),FixationDuration
0.06622,0.04529,0.41886,7889OS,hierachy,560.14557,66.22
0.23102,0.00808,0.3196,7889OS,hierachy,560.44183,231.02
0.24707,0.09283,0.47924,7889OS,hierachy,560.70569,247.07
0.21362,0.05883,0.17687,7889OS,hierachy,560.98572,213.62
0.06573,0.125,0.55806,7889OS,text,561.1181,65.73
0.19769,0.09961,0.25471,7889OS,hierachy,561.64545,197.69
0.26331,0.05884,0.43232,7889OS,hierachy,561.92542,263.31
0.67615,0.08238,0.3965,7889OS,hierachy,562.66797,676.15
0.26367,0.22587,0.38683,7889OS,text,562.94794,263.67
0.04944,0.17447,0.51522,7889OS,text,563.21198,49.44
0.3125,0.2312,0.78143,7889OS,text,563.78857,312.5
0.56067,0.20894,0.36993,7889OS,text,564.41565,560.67
0.34613,0.16754,0.32212,7889OS,text,564.77856,346.13
0.16504,0.33796,0.37944,7889OS,text,565.05872,165.04
0.22992,0.0766,0.23676,7889OS,hierachy,565.40442,229.92
0.21405,0.18602,0.5438,7889OS,text,566.7403,214.05
0.29675,0.16079,0.4359,7889OS,text,567.05328,296.75
0.31323,0.14084,0.60154,7889OS,text,567.48206,313.23
0.06622,0.13736,0.55128,7889OS,text,567.61426,66.22
0.34595,0.11641,0.59271,7889OS,text,568.026,345.95
0.37964,0.10019,0.46548,7889OS,text,568.63654,379.64
0.2149,0.27866,0.63681,7889OS,text,568.8678,214.9
0.64288,0.07941,0.44163,7889OS,hierachy,570.02118,642.88
0.21442,0.27615,0.47366,7889OS,text,570.87854,214.42
0.21436,0.14996,0.54925,7889OS,text,571.10938,214.36
0.06604,0.242,0.85337,7889OS,text,571.29089,66.04
0.21454,0.53209,0.46769,7889OS,model,571.76923,214.54
0.11536,0.56978,0.45171,7889OS,model,572.1814,115.36
0.41235,0.53188,0.38078,7889OS,model,572.70886,412.35
0.19745,0.87256,0.52392,7889OS,task,574.01178,197.45
0.19702,0.75382,0.83838,7889OS,model,574.27484,197.02
0.33032,0.89921,0.39007,7889OS,task,574.8692,330.32
0.41284,0.90768,0.39139,7889OS,task,575.39697,412.84
0.37885,0.95204,0.35957,7889OS,task,575.79224,378.85
0.28052,0.97868,0.45291,7889OS,task,576.08942,280.52
0.24683,0.90327,0.51021,7889OS,task,576.35248,246.83
0.28046,0.95385,0.35904,7889OS,task,576.64996,280.46
0.28107,0.94852,0.64642,7889OS,task,576.94678,281.07
0.23126,0.85689,0.41148,7889OS,task,577.24323,231.26
0.34637,0.9604,0.39899,7889OS,task,577.60626,346.37
0.21399,0.87583,0.54001,7889OS,task,577.83691,213.99
0.27985,0.98571,0.42253,7889OS,task,578.23236,279.85
0.32898,0.97082,0.51711,7889OS,task,578.57861,328.98
0.2478,0.92246,0.41608,7889OS,task,579.25513,247.8
0.2807,0.97,0.54181,7889OS,task,579.65076,280.7
0.37921,0.86095,0.501,7889OS,task,580.04639,379.21
0.34692,0.99825,0.50144,7889OS,task,580.60699,346.92
0.37933,0.93164,0.5116,7889OS,task,581.05182,379.33
0.39526,0.97526,0.53951,7889OS,task,581.46423,395.26
0.49408,0.91156,0.47748,7889OS,task,582.28809,494.08
0.47888,0.98026,0.573,7889OS,task,582.78369,478.88
0.34607,0.97937,0.67485,7889OS,task,583.146,346.07
0.21442,0.88491,0.66362,7889OS,task,583.67334,214.42
0.37897,0.96213,0.6195,7889OS,task,584.06866,378.97
0.21472,0.92594,0.34806,7889OS,task,584.30029,214.72
0.2973,0.99723,0.53487,7889OS,task,584.81165,297.3
0.26392,0.64724,0.84424,7889OS,model,585.38849,263.92
0.19788,0.52511,0.5459,7889OS,model,585.65192,197.88
0.19745,0.2227,0.65565,7889OS,text,585.91577,197.45
0.24695,0.32445,0.68114,7889OS,text,587.96014,246.95
0.24774,0.84117,0.83401,7889OS,task,588.3233,247.74
0.46185,0.84172,0.78335,7889OS,task,588.8017,461.85
0.21454,0.87373,0.73383,7889OS,task,589.08173,214.54
0.04962,0.89156,0.72263,7889OS,task,589.19678,49.62
0.19849,0.85891,0.79995,7889OS,task,589.46149,198.49
0.19843,0.8547,0.72336,7889OS,task,589.67517,198.43
0.04944,0.80955,0.47555,7889OS,task,590.23547,49.44
0.19775,0.74749,0.74355,7889OS,model,590.45001,197.75
0.08307,0.87109,0.55332,7889OS,task,590.54968,83.07
0.23126,0.49622,0.53986,7889OS,model,590.84607,231.26
0.19763,0.83708,0.59241,7889OS,task,591.10925,197.63
0.26398,0.93646,0.43656,7889OS,task,591.53864,263.98
0.26428,0.81789,0.5343,7889OS,task,592.1485,264.28
0.27997,0.82358,0.651,7889OS,task,593.30225,279.97
0.05005,0.86026,0.48996,7889OS,task,593.36877,50.05
0.23059,0.92517,0.6307,7889OS,task,593.76416,230.59
0.27985,0.84999,0.50435,7889OS,task,594.06079,279.85
0.46106,0.94262,0.4667,7889OS,task,594.53888,461.06
0.36249,0.9076,0.61364,7889OS,task,594.91827,362.49
0.4455,0.87879,0.44743,7889OS,task,595.72668,445.5
0.34692,0.87553,0.57118,7889OS,task,596.18829,346.92
0.32983,0.96832,0.46399,7889OS,task,596.534,329.83
0.2644,0.86853,0.34567,7889OS,task,596.81476,264.4
0.2467,0.8486,0.53931,7889OS,task,597.07825,246.7
0.23029,0.81429,0.65162,7889OS,task,597.3252,230.29
0.54413,0.84961,0.55211,7889OS,task,597.88599,544.13
0.28094,0.89925,0.75513,7889OS,task,598.18347,280.94
0.34607,0.95388,0.63337,7889OS,task,599.02344,346.07
0.21405,0.97088,0.6023,7889OS,task,600.5238,214.05
0.21423,0.93782,0.49238,7889OS,task,601.23303,214.23
0.31342,0.95559,0.50461,7889OS,task,602.07397,313.42
0.36206,0.09413,0.51337,7889OS,hierachy,603.90381,362.06
0.23102,0.21069,0.28639,7889OS,text,604.15186,231.02
0.39642,0.26035,0.48219,7889OS,text,606.27893,396.42
0.27985,0.18042,0.39184,7889OS,text,606.95441,279.85
0.42914,0.20012,0.34302,7889OS,text,607.3999,429.14
0.33014,0.30419,0.27461,7889OS,text,607.84467,330.14
0.19763,0.23771,0.83839,7889OS,text,608.05878,197.63
0.42871,0.23603,0.78005,7889OS,text,608.55353,428.71
0.11566,0.41239,0.71142,7889OS,model,608.68579,115.66
0.2641,0.85776,0.52436,7889OS,task,609.11481,264.1
0.23108,0.79662,0.89432,7889OS,model,609.41162,231.08
0.57648,0.87654,0.86125,7889OS,task,610.20239,576.48
0.24713,0.86019,0.69155,7889OS,task,610.87866,247.13
0.29724,0.86725,0.57501,7889OS,task,611.65381,297.24
0.31372,0.86085,0.47967,7889OS,task,611.98358,313.72
0.32959,0.92252,0.58385,7889OS,task,612.57672,329.59
0.28058,0.98473,0.42172,7889OS,task,612.87378,280.58
0.33014,0.90313,0.59999,7889OS,task,613.26978,330.14
0.06573,0.71935,0.77134,7889OS,model,613.61548,65.73
0.29712,0.93523,0.52991,7889OS,task,614.37396,297.12
0.42871,0.85544,0.61906,7889OS,task,614.81927,428.71
0.3136,0.87016,0.77895,7889OS,task,615.54468,313.6
0.21454,0.82683,0.61329,7889OS,task,615.87451,214.54
0.396,0.95604,0.62564,7889OS,task,616.53436,396
0.14819,0.93577,0.69952,7889OS,task,616.92975,148.19
0.21466,0.80049,0.69601,7889OS,task,617.4574,214.66
0.59296,0.85773,0.67582,7889OS,task,618.26483,592.96
0.3291,0.93129,0.55743,7889OS,task,619.35321,329.1
0.31299,0.86191,0.6479,7889OS,task,619.68311,312.99
0.39532,0.85219,0.6967,7889OS,task,620.09491,395.32
0.59338,0.84672,0.62492,7889OS,task,620.70551,593.38
0.29688,0.86564,0.74672,7889OS,task,621.0191,296.88
0.37988,0.85509,0.77272,7889OS,task,621.67859,379.88
0.28015,0.88872,0.76793,7889OS,task,622.22211,280.15
0.34576,0.97358,0.59897,7889OS,task,622.89807,345.76
0.31299,0.85794,0.79308,7889OS,task,623.42584,312.99
0.41266,0.84643,0.79784,7889OS,task,623.8548,412.66
0.32947,0.78134,0.80327,7889OS,model,624.39868,329.47
0.51111,0.91896,0.67945,7889OS,task,625.38831,511.11
0.41235,0.91926,0.74464,7889OS,task,626.06433,412.35
0.70874,0.89744,0.77709,7889OS,task,626.78967,708.74
0.19788,0.98254,0.70175,7889OS,task,627.05316,197.88
0.37915,0.90035,0.66984,7889OS,task,627.44922,379.15
0.7749,0.91726,0.67661,7889OS,task,628.24017,774.9
0.44568,0.87473,0.95048,7889OS,task,628.70233,445.68
0.24731,0.85679,0.79033,7889OS,task,629.0152,247.31
0.19775,0.88465,0.53916,7889OS,task,629.32892,197.75
0.21387,0.90131,0.79029,7889OS,task,629.55914,213.87
0.29669,0.85576,0.58445,7889OS,task,629.87262,296.69
0.21436,0.88388,0.79388,7889OS,task,630.20239,214.36
0.31335,0.89537,0.75819,7889OS,task,630.53253,313.35
0.26306,0.86715,0.88402,7889OS,task,630.81213,263.06
0.21417,0.84746,0.86,7889OS,task,631.40613,214.17
0.37891,0.91296,0.66819,7889OS,task,631.80176,378.91
0.29675,0.85825,0.85303,7889OS,task,632.11511,296.75
0.26422,0.86396,0.72958,7889OS,task,632.39539,264.22
0.3465,0.85147,0.88342,7889OS,task,632.75812,346.5
0.24786,0.9529,0.70355,7889OS,task,633.0224,247.86
0.23071,0.81006,0.80286,7889OS,task,633.26953,230.71
0.44531,0.88495,0.7515,7889OS,task,633.73102,445.31
0.37891,0.92784,0.83295,7889OS,task,634.12653,378.91
0.28088,0.88393,0.66526,7889OS,task,634.42365,280.88
0.52789,0.90829,0.7923,7889OS,task,634.96765,527.89
0.2804,0.9532,0.6921,7889OS,task,635.26453,280.4
0.37854,0.97574,0.78104,7889OS,task,635.6601,378.54
0.36261,0.87766,0.842,7889OS,task,636.92993,362.61
0.32996,0.83136,0.94005,7889OS,task,637.67157,329.96
0.19781,0.9665,0.81455,7889OS,task,638.05078,197.81
0.29651,0.88136,0.89588,7889OS,task,638.36383,296.51
0.28064,0.9503,0.94148,7889OS,task,638.92474,280.64
0.42889,0.85365,0.88388,7889OS,task,639.81537,428.89
0.26337,0.95431,0.81747,7889OS,task,640.44104,263.37
0.04932,0.92609,0.83673,7889OS,task,640.60608,49.32
0.47839,0.89991,0.77628,7889OS,task,641.5459,478.39
0.37946,0.99393,0.90662,7889OS,task,642.23853,379.46
0.24792,0.81324,0.92211,7889OS,task,642.50269,247.92
0.24774,0.86066,0.77493,7889OS,task,642.76642,247.74
0.06628,0.72368,0.74817,7889OS,model,642.84888,66.28
0.14874,0.66039,0.67861,7889OS,model,643.26123,148.74
0.41248,0.59754,0.88114,7889OS,model,643.88806,412.48
0.28107,0.82254,0.90864,7889OS,task,644.56433,281.07
0.55963,0.82496,0.8398,7889OS,task,645.14026,559.63
0.37878,0.83068,0.8218,7889OS,task,645.53601,378.78
0.26318,0.95446,0.73653,7889OS,task,645.81622,263.18
0.26355,0.81267,0.79414,7889OS,task,646.29462,263.55
0.44495,0.81659,0.76382,7889OS,task,647.10303,444.95
0.24707,0.92361,0.52537,7889OS,task,647.36639,247.07
0.34607,0.84847,0.63227,7889OS,task,647.729,346.07
0.41199,0.94169,0.65216,7889OS,task,648.15753,411.99
0.69226,0.91612,0.58935,7889OS,task,648.86688,692.26
0.32904,0.91084,0.63614,7889OS,task,649.26221,329.04
0.28027,0.96365,0.65059,7889OS,task,649.55902,280.27
0.26379,0.90854,0.81808,7889OS,task,649.88892,263.79
0.26355,0.98093,0.75726,7889OS,task,650.16882,263.55
0.2644,0.82278,0.79778,7889OS,task,650.44989,264.4
0.37921,0.96331,0.57522,7889OS,task,650.84521,379.21
0.42987,0.89876,0.79694,7889OS,task,651.29175,429.87
0.24738,0.82767,0.82546,7889OS,task,651.93341,247.38
0.49457,0.85356,0.85772,7889OS,task,652.44489,494.57
0.21411,0.82867,0.77453,7889OS,task,652.67523,214.11
0.23157,0.89194,0.77055,7889OS,task,652.92303,231.57
0.26379,0.84851,0.85717,7889OS,task,653.56549,263.79
0.21454,0.96557,0.72372,7889OS,task,653.84613,214.54
0.37964,0.94095,0.73413,7889OS,task,654.29132,379.64
0.27997,0.96975,0.69496,7889OS,task,655.42883,279.97
0.29694,0.83078,0.77959,7889OS,task,655.74268,296.94
0.49506,0.84089,0.75441,7889OS,task,656.25354,495.06
0.26282,0.8288,0.79315,7889OS,task,656.5332,262.82
0.26385,0.94994,0.66077,7889OS,task,657.44019,263.85
0.29675,0.88227,0.82428,7889OS,task,657.75372,296.75
0.31348,0.93989,0.76766,7889OS,task,658.0838,313.48
0.23071,0.82781,0.75746,7889OS,task,658.33118,230.71
0.36304,0.97538,0.68757,7889OS,task,658.71021,363.04
0.44452,0.80816,0.78813,7889OS,task,659.4682,444.52
0.5282,0.82874,0.69263,7889OS,task,660.39221,528.2
0.06647,0.9445,0.58409,7889OS,task,661.41425,66.47
0.46204,0.93585,0.46169,7889OS,task,661.94183,462.04
0.26349,0.84222,0.62279,7889OS,task,662.2713,263.49
0.2804,0.84577,0.65213,7889OS,task,662.6673,280.4
0.52814,0.90325,0.7343,7889OS,task,663.21143,528.14
0.3949,0.90964,0.66641,7889OS,task,663.62311,394.9
0.44513,0.93789,0.58888,7889OS,task,664.0849,445.13
0.34589,0.89694,0.77264,7889OS,task,664.49701,345.89
0.77509,0.90936,0.80952,7889OS,task,665.28857,775.09
0.39508,0.82821,0.72418,7889OS,task,665.70074,395.08
0.32996,0.83376,0.7651,7889OS,task,666.04736,329.96
0.39532,0.92161,0.72185,7889OS,task,666.45941,395.32
0.31323,0.83673,0.68848,7889OS,task,667.1189,313.23
0.28021,0.89341,0.77784,7889OS,task,667.41571,280.21
0.2312,0.92475,0.73384,7889OS,task,667.66296,231.2
0.34674,0.94066,0.69286,7889OS,task,668.02612,346.74
0.04889,0.89974,0.58762,7889OS,task,669.17975,48.89
0.21423,0.59879,0.7844,7889OS,model,669.50983,214.23
0.28009,0.85705,0.55952,7889OS,task,669.90564,280.09
0.19751,0.61521,0.75508,7889OS,model,670.16876,197.51
0.19763,0.61001,0.09401,7889OS,model,670.48236,197.63
0.24683,0.5409,0.47651,7889OS,model,670.7464,246.83
0.198,0.58983,0.1584,7889OS,model,670.96075,198
0.29669,0.24183,0.70815,7889OS,text,671.37231,296.69
0.34595,0.12795,0.38747,7889OS,text,671.7851,345.95
0.36285,0.08445,0.43075,7889OS,hierachy,672.26294,362.85
0.32977,0.0521,0.40208,7889OS,hierachy,672.60913,329.77
0.04993,0.14497,0.37939,7889OS,text,672.67596,49.93
0.19812,0.5703,0.31071,7889OS,model,672.93921,198.12
0.26361,0.52992,0.35497,7889OS,model,673.21942,263.61
0.44507,0.56183,0.46675,7889OS,model,673.68121,445.07
0.33002,0.57219,0.39814,7889OS,model,674.07727,330.02
0.31329,0.60106,0.58034,7889OS,model,674.40643,313.29
0.33008,0.67967,0.4346,7889OS,model,674.75305,330.08
0.28046,0.68438,0.29015,7889OS,model,675.05005,280.46
0.21429,0.58462,0.46293,7889OS,model,675.28064,214.29
0.19727,0.17878,0.44639,7889OS,text,675.49481,197.27
0.41229,0.13649,0.38041,7889OS,text,675.97302,412.29
0.19867,0.22482,0.40558,7889OS,text,676.18774,198.67
0.04877,0.56881,0.57546,7889OS,model,676.35205,48.77
0.23083,0.63021,0.40946,7889OS,model,676.64868,230.83
0.29651,0.61853,0.55242,7889OS,model,676.96216,296.51
0.26373,0.61825,0.45093,7889OS,model,677.34119,263.73
0.28052,0.62378,0.37073,7889OS,model,677.63837,280.52
0.1972,0.64487,0.41409,7889OS,model,677.90179,197.2
0.09857,0.24052,0.27008,7889OS,text,678.06653,98.57
0.18158,0.14333,0.20073,7889OS,text,678.41357,181.58
0.08246,0.62492,0.49694,7889OS,model,679.02301,82.46
0.24707,0.56639,0.63995,7889OS,model,679.38568,247.07
0.21466,0.64556,0.33462,7889OS,model,679.61719,214.66
0.29639,0.59923,0.48979,7889OS,model,679.92981,296.39
0.32971,0.64812,0.34527,7889OS,model,680.83716,329.71
0.37927,0.63987,0.39888,7889OS,model,681.23254,379.27
0.56073,0.67856,0.20252,7889OS,model,681.80994,560.73
0.62665,0.61011,0.54408,7889OS,model,682.45282,626.65
0.32953,0.65513,0.43617,7889OS,model,682.84851,329.53
0.04895,0.7304,0.57723,7889OS,model,682.91412,48.95
0.23053,0.85009,0.84564,7889OS,task,683.40906,230.53
0.31299,0.82974,0.88304,7889OS,task,683.98608,312.99
0.46155,0.88631,0.92674,7889OS,task,684.89313,461.55
0.2807,0.9064,0.94678,7889OS,task,685.18982,280.7
0.21356,0.82329,0.95843,7889OS,task,685.42029,213.56
0.33032,0.87609,0.95761,7889OS,task,685.76758,330.32
0.26416,0.93692,0.91532,7889OS,task,690.48267,264.16
0.3952,0.88264,0.93954,7889OS,task,690.94373,395.2
0.24762,0.98287,0.84274,7889OS,task,691.20789,247.62
0.23053,0.87063,0.95273,7889OS,task,691.45483,230.53
0.31274,0.91375,0.92914,7889OS,task,691.78467,312.74
0.26349,0.83658,0.93656,7889OS,task,692.065,263.49
0.26453,0.90154,0.90274,7889OS,task,692.34601,264.53
0.21448,0.63656,0.36866,7889OS,model,693.13739,214.48
0.36279,0.64102,0.49637,7889OS,model,693.56586,362.79
0.23102,0.63712,0.33329,7889OS,model,693.86292,231.02
0.36316,0.68088,0.28152,7889OS,model,694.24213,363.16
0.28058,0.66051,0.42228,7889OS,model,694.53882,280.58
0.29669,0.61475,0.3891,7889OS,model,694.95068,296.69
0.24713,0.64173,0.4737,7889OS,model,695.21417,247.13
0.2146,0.68782,0.16868,7889OS,model,695.44519,214.6
0.19788,0.83733,0.74553,7889OS,task,695.65942,197.88
0.26398,0.87983,0.77444,7889OS,task,695.98932,263.98
0.21533,0.917,0.60303,7889OS,task,696.22064,215.33
0.21423,0.96024,0.28381,7889OS,task,696.50043,214.23
0.26398,0.83186,0.45008,7889OS,task,696.78088,263.98
0.27966,0.82447,0.46208,7889OS,task,697.07715,279.66
0.19733,0.86284,0.48134,7889OS,task,697.34106,197.33
0.77551,0.8499,0.46161,7889OS,task,698.1828,775.51
0.29645,0.91538,0.21163,7889OS,task,698.54468,296.45
0.21429,0.71918,0.73818,7889OS,model,698.92438,214.29
0.23096,0.87655,0.51137,7889OS,task,699.1712,230.96
0.49432,0.87051,0.46062,7889OS,task,699.68231,494.32
0.46173,0.8608,0.44894,7889OS,task,700.16052,461.73
0.62616,0.82461,0.49908,7889OS,task,700.80365,626.16
0.21472,0.95531,0.18789,7889OS,task,701.03455,214.72
0.26343,0.9074,0.22739,7889OS,task,701.31482,263.43
0.36261,0.8496,0.44598,7889OS,task,701.74341,362.61
0.24792,0.922,0.32447,7889OS,task,702.00769,247.92
0.19818,0.93883,0.36445,7889OS,task,702.41998,198.18
0.70898,0.91329,0.60311,7889OS,task,703.24445,708.98
0.23071,0.85286,0.72207,7889OS,task,703.49152,230.71
0.2804,0.88918,0.62123,7889OS,task,703.7879,280.4
0.41187,0.95946,0.60831,7889OS,task,704.21667,411.87
0.41113,0.90423,0.58111,7889OS,task,704.69446,411.13
0.47803,0.9373,0.73323,7889OS,task,705.18927,478.03
0.24725,0.848,0.61101,7889OS,task,705.45325,247.25
0.23102,0.83289,0.75121,7889OS,task,705.70099,231.02
0.3465,0.82959,0.68279,7889OS,task,706.0636,346.5
0.34625,0.89306,0.67852,7889OS,task,706.42603,346.25
0.64368,0.94156,0.43384,7889OS,task,707.08606,643.68
0.29639,0.88445,0.75331,7889OS,task,707.49774,296.39
0.21442,0.88721,0.57575,7889OS,task,707.7785,214.42
0.39575,0.78498,0.62722,7889OS,model,708.1908,395.75
0.19775,0.94167,0.50365,7889OS,task,709.52612,197.75
0.28088,0.91268,0.68815,7889OS,task,709.823,280.88
0.59375,0.89583,0.55693,7889OS,task,710.43298,593.75
0.49475,0.89053,0.70833,7889OS,task,710.94385,494.75
0.32977,0.89203,0.55748,7889OS,task,711.28998,329.77
0.23065,0.92616,0.59317,7889OS,task,711.53723,230.65
0.29675,0.86936,0.71776,7889OS,task,711.90051,296.75
0.54346,0.88215,0.57098,7889OS,task,712.46069,543.46
0.46136,0.95237,0.50191,7889OS,task,713.46631,461.36
0.28052,0.90514,0.74627,7889OS,task,713.76318,280.52
0.49396,0.92335,0.72985,7889OS,task,714.27405,493.96
0.69287,0.86983,0.58364,7889OS,task,715.37933,692.87
0.72479,0.81669,0.75957,7889OS,task,716.61554,724.79
0.34613,0.89347,0.71497,7889OS,task,716.97839,346.13
0.51147,0.94685,0.7426,7889OS,task,717.50629,511.47
0.24658,0.84762,0.70976,7889OS,task,717.76953,246.58
0.21478,0.89701,0.7668,7889OS,task,718.05017,214.78
0.51093,0.81388,0.75577,7889OS,task,718.57819,510.93
0.31311,0.86859,0.71806,7889OS,task,718.90765,313.11
0.44507,0.90222,0.74562,7889OS,task,719.3692,445.07
0.44482,0.96086,0.71941,7889OS,task,719.83087,444.82
0.24756,0.84175,0.71505,7889OS,task,720.09473,247.56
0.51099,0.99323,0.58388,7889OS,task,720.62213,510.99
0.29694,0.86654,0.64251,7889OS,task,721.43054,296.94
0.26343,0.8874,0.8122,7889OS,task,721.71027,263.43
0.36237,0.9467,0.85029,7889OS,task,722.08966,362.37
0.27954,0.89774,0.80772,7889OS,task,722.38599,279.54
0.26361,0.8172,0.82624,7889OS,task,722.6665,263.61
0.37976,0.85273,0.82816,7889OS,task,723.06262,379.76
0.37891,0.92302,0.87145,7889OS,task,723.45789,378.91
0.2973,0.82911,0.82817,7889OS,task,723.77222,297.3
0.42828,0.89173,0.87216,7889OS,task,724.21637,428.28
0.46124,0.79567,0.93969,7889OS,model,724.6944,461.24
0.32977,0.92471,0.79172,7889OS,task,725.04077,329.77
0.39606,0.90116,0.87468,7889OS,task,725.45355,396.06
0.39539,0.88635,0.74416,7889OS,task,725.86523,395.39
0.31305,0.87661,0.82607,7889OS,task,727.01971,313.05
0.29742,0.87808,0.75462,7889OS,task,727.33313,297.42
0.08234,0.89305,0.77966,7889OS,task,727.43176,82.34
0.495,0.89207,0.85782,7889OS,task,728.19055,495
0.3963,0.86893,0.89105,7889OS,task,728.99841,396.3
0.2467,0.9383,0.88374,7889OS,task,729.26172,246.7
0.3299,0.82391,0.93477,7889OS,task,729.90485,329.9
0.24707,0.58583,0.6363,7889OS,model,730.1687,247.07
0.42914,0.674,0.63363,7889OS,model,730.66364,429.14
0.61041,0.74348,0.48024,7889OS,model,731.28998,610.41
0.198,0.51252,0.67606,7889OS,model,731.70245,198
0.24792,0.65566,0.67482,7889OS,model,732.01587,247.92
0.2301,0.50423,0.60296,7889OS,model,732.26263,230.1
0.23138,0.71319,0.58855,7889OS,model,732.51025,231.38
0.04987,0.75591,0.30969,7889OS,model,732.57623,49.87
0.11517,0.67264,0.70525,7889OS,model,733.0708,115.17
0.21393,0.66208,0.59461,7889OS,model,733.44965,213.93
0.34613,0.61422,0.69753,7889OS,model,733.81274,346.13
0.21448,0.69538,0.48429,7889OS,model,734.04376,214.48
0.4458,0.61349,0.72798,7889OS,model,734.65369,445.8
0.42871,0.7128,0.54672,7889OS,model,735.09918,428.71
0.04944,0.70076,0.60331,7889OS,model,735.21417,49.44
0.23047,0.61537,0.61955,7889OS,model,735.70825,230.47
0.24768,0.67266,0.58659,7889OS,model,735.97296,247.68
0.24792,0.66765,0.72868,7889OS,model,736.23676,247.92
0.32959,0.72587,0.49917,7889OS,model,736.58228,329.59
0.34662,0.66741,0.63954,7889OS,model,737.09393,346.62
0.51135,0.62046,0.59076,7889OS,model,737.67078,511.35
0.2804,0.5791,0.45255,7889OS,model,737.96747,280.4
0.26379,0.66554,0.40325,7889OS,model,738.24792,263.79
0.1983,0.71513,0.19967,7889OS,model,738.46246,198.3
0.05005,0.64344,0.5516,7889OS,model,738.52844,50.05
0.21515,0.59627,0.53181,7889OS,model,738.75952,215.15
0.3465,0.60697,0.55002,7889OS,model,739.12177,346.5
0.08197,0.77882,0.81135,7889OS,model,739.3689,81.97
0.21454,0.776,0.55704,7889OS,model,740.2099,214.54
0.32983,0.95938,0.66855,7889OS,task,740.60577,329.83
0.28052,0.87848,0.81684,7889OS,task,740.90253,280.52
0.36206,0.80058,0.75099,7889OS,task,741.67712,362.06
0.26404,0.83408,0.72962,7889OS,task,742.00757,264.04
0.19812,0.8287,0.84269,7889OS,task,742.22137,198.12
0.26343,0.74093,0.9279,7889OS,model,742.50189,263.43
0.42865,0.8321,0.81253,7889OS,task,742.94733,428.65
0.14862,0.68944,0.78671,7889OS,model,745.68427,148.62
0.21399,0.67174,0.81882,7889OS,model,746.16199,213.99
0.24762,0.796,0.79622,7889OS,model,747.7782,247.62
0.44501,0.89345,0.87644,7889OS,task,748.2887,445.01
0.42847,0.9026,0.86668,7889OS,task,748.8327,428.47
0.24792,0.80007,0.83332,7889OS,task,749.09723,247.92
0.26318,0.85867,0.64004,7889OS,task,749.37708,263.18
0.26367,0.61477,0.61864,7889OS,model,749.70685,263.67
0.21429,0.65315,0.60975,7889OS,model,749.98773,214.29
0.19745,0.59379,0.79924,7889OS,model,750.20172,197.45
0.08276,0.64399,0.62007,7889OS,model,750.39972,82.76
0.08301,0.65877,0.641,7889OS,model,750.87781,83.01
0.28021,0.58603,0.47421,7889OS,model,751.42181,280.21
0.42853,0.57823,0.40408,7889OS,model,751.86725,428.53
0.26337,0.58254,0.4339,7889OS,model,752.29559,263.37
0.19781,0.85552,0.28783,7889OS,task,752.60925,197.81
0.24725,0.83709,0.3582,7889OS,task,753.21881,247.25
0.42877,0.62274,0.67401,7889OS,model,754.45569,428.77
0.2309,0.55054,0.86795,7889OS,model,755.8736,230.9
0.21417,0.66064,0.69293,7889OS,model,756.10413,214.17
0.34674,0.6484,0.88384,7889OS,model,756.46765,346.74
0.46094,0.56904,0.74633,7889OS,model,756.94476,460.94
0.28003,0.62488,0.85437,7889OS,model,757.83527,280.03
0.36279,0.60879,0.9153,7889OS,model,758.26447,362.79
0.33008,0.57158,0.83844,7889OS,model,758.61084,330.08
0.28046,0.61908,0.91795,7889OS,model,758.95673,280.46
0.16431,0.61728,0.75406,7889OS,model,759.13788,164.31
0.24707,0.84379,0.88095,7889OS,task,759.54999,247.07
0.23126,0.92618,0.74311,7889OS,task,759.79803,231.26
0.32947,0.79918,0.82871,7889OS,model,760.14417,329.47
0.23114,0.84209,0.86803,7889OS,task,760.4408,231.14
0.32928,0.84224,0.95762,7889OS,task,761.19885,329.28
0.21448,0.8919,0.91618,7889OS,task,761.47925,214.48
0.3136,0.8998,0.93629,7889OS,task,761.90845,313.6
0.29669,0.77954,0.92188,7889OS,model,762.22162,296.69
0.46173,0.84066,0.92536,7889OS,task,762.69971,461.73
0.72479,0.91542,0.90281,7889OS,task,763.68872,724.79
0.26416,0.78166,0.93008,7889OS,model,763.96912,264.16
0.27997,0.8844,0.85951,7889OS,task,764.26581,279.97
0.31299,0.86028,0.79722,7889OS,task,764.64514,312.99
0.21429,0.94166,0.66931,7889OS,task,764.97504,214.29
0.24713,0.91049,0.79116,7889OS,task,765.23846,247.13
0.26398,0.80634,0.83572,7889OS,task,765.51965,263.98
0.28009,0.83881,0.8498,7889OS,task,765.81561,280.09
0.34625,0.93839,0.75651,7889OS,task,766.17847,346.25
0.46216,0.83568,0.89552,7889OS,task,766.75574,462.16
0.19757,0.63664,0.73221,7889OS,model,768.487,197.57
0.11517,0.63859,0.90418,7889OS,model,768.93207,115.17
0.29675,0.55697,0.68107,7889OS,model,769.64069,296.75
0.16498,0.4947,0.85727,7889OS,model,769.8222,164.98
0.19818,0.65909,0.73505,7889OS,model,770.1355,198.18
0.26428,0.54432,0.92004,7889OS,model,770.41595,264.28
0.19855,0.19905,0.67394,7889OS,text,770.63062,198.55
0.36243,0.18246,0.47291,7889OS,text,771.05872,362.43
0.09924,0.19606,0.77228,7889OS,text,772.93842,99.24
0.198,0.38829,0.73732,7889OS,text,773.25201,198
0.55969,0.16184,0.75957,7889OS,text,774.50439,559.69
0.26318,0.15258,0.54945,7889OS,text,774.7851,263.18
0.23004,0.39142,0.76148,7889OS,text,775.70813,230.04
0.2309,0.61079,0.34091,7889OS,model,776.00519,230.9
0.19836,0.63029,0.80057,7889OS,model,776.26929,198.36
0.24738,0.24374,0.81071,7889OS,text,776.58215,247.38
0.23108,0.21237,0.66659,7889OS,text,777.25818,231.08
0.19806,0.57726,0.73412,7889OS,model,777.62115,198.06
0.31311,0.59762,0.58925,7889OS,model,777.9505,313.11
0.21423,0.4944,0.51476,7889OS,model,778.18121,214.23
0.24756,0.56078,0.57114,7889OS,model,778.44525,247.56
0.29633,0.59971,0.18905,7889OS,model,778.85748,296.33
0.198,0.58778,0.70154,7889OS,model,779.1709,198
0.21417,0.60958,0.55439,7889OS,model,779.40179,214.17
0.2309,0.64639,0.34533,7889OS,model,779.69824,230.9
0.2807,0.60034,0.61241,7889OS,model,779.99615,280.7
0.29681,0.56205,0.46179,7889OS,model,780.3089,296.81
0.05005,0.62012,0.15894,7889OS,model,780.42456,50.05
0.23059,0.24472,0.75143,7889OS,text,780.72089,230.59
0.19775,0.2774,0.94274,7889OS,text,780.98438,197.75
0.21411,0.1545,0.65463,7889OS,text,781.21515,214.11
0.19812,0.01022,0.45089,7889OS,hierachy,782.33704,198.12
0.26367,0.59511,0.73741,7889OS,model,782.66644,263.67
0.26398,0.58035,0.32208,7889OS,model,782.99597,263.98
0.18152,0.02358,0.65871,7889OS,hierachy,783.24335,181.52
0.37891,0.3997,0.58271,7889OS,text,783.83667,378.91
0.19781,0.62407,0.56294,7889OS,model,784.10059,197.81
0.21472,0.67231,0.15121,7889OS,model,784.33179,214.72
0.16473,0.6294,0.65778,7889OS,model,784.612,164.73
0.21448,0.63891,0.31083,7889OS,model,784.89288,214.48
0.29608,0.61223,0.45283,7889OS,model,785.2547,296.08
0.34607,0.64354,0.63272,7889OS,model,785.61786,346.07
0.24701,0.58064,0.66886,7889OS,model,785.8811,247.01
0.31348,0.0696,0.53424,7889OS,hierachy,787.54657,313.48
0.60999,0.16266,0.64798,7889OS,text,788.17334,609.99
0.29706,0.26082,0.79717,7889OS,text,788.63513,297.06
0.19751,0.2419,0.73053,7889OS,text,789.09662,197.51
0.21497,0.66385,0.80186,7889OS,model,789.67401,214.97
0.19702,0.53632,0.53817,7889OS,model,790.51434,197.02
0.21411,0.56918,0.48337,7889OS,model,790.79456,214.11
0.04932,0.54329,0.48124,7889OS,model,790.86078,49.32
0.19824,0.55904,0.55873,7889OS,model,791.07544,198.24
0.26422,0.61236,0.67408,7889OS,model,792.87256,264.22
0.3299,0.58683,0.50456,7889OS,model,793.26849,329.9
0.26361,0.57929,0.57981,7889OS,model,793.59753,263.61
0.34607,0.66245,0.53729,7889OS,model,793.96027,346.07
0.42932,0.58535,0.7054,7889OS,model,794.50494,429.32
0.21472,0.62363,0.83369,7889OS,model,794.73584,214.72
0.57654,0.6208,0.8306,7889OS,model,795.32886,576.54
0.23108,0.67964,0.51489,7889OS,model,795.57623,231.08
0.06573,0.61931,0.63683,7889OS,model,795.70801,65.73
0.69238,0.69629,0.66535,7889OS,model,796.5658,692.38
0.28027,0.62223,0.63312,7889OS,model,796.9115,280.27
0.26379,0.6343,0.50184,7889OS,model,797.24127,263.79
0.24707,0.60929,0.85062,7889OS,model,797.55463,247.07
0.29663,0.62291,0.60595,7889OS,model,797.86786,296.63
0.21436,0.65095,0.57422,7889OS,model,798.14819,214.36
0.24744,0.72674,0.67221,7889OS,model,798.51117,247.44
0.21442,0.61928,0.90016,7889OS,model,798.74176,214.42
0.28088,0.59078,0.86476,7889OS,model,799.08887,280.88
0.33057,0.64014,0.91679,7889OS,model,799.4353,330.57
0.11578,0.68159,0.83321,7889OS,model,799.56708,115.78
0.19818,0.07878,0.45293,7889OS,hierachy,800.02844,198.18
0.29669,0.60721,0.88362,7889OS,model,800.95172,296.69
0.54346,0.67844,0.83677,7889OS,model,801.51215,543.46
0.2962,0.6048,0.85526,7889OS,model,802.36938,296.2
0.29755,0.62689,0.90941,7889OS,model,802.68341,297.55
0.29712,0.61831,0.88413,7889OS,model,802.9964,297.12
0.26373,0.64208,0.92774,7889OS,model,803.32587,263.73
0.29681,0.61769,0.936,7889OS,model,803.68848,296.81
0.36237,0.62169,0.93103,7889OS,model,804.06744,362.37
0.54382,0.66093,0.82901,7889OS,model,804.94104,543.82
0.23065,0.64667,0.89137,7889OS,model,805.23834,230.65
0.23059,0.69743,0.95713,7889OS,model,809.37653,230.59
0.29736,0.61247,0.86217,7889OS,model,810.05316,297.36
0.23059,0.71357,0.90222,7889OS,model,810.79504,230.59
0.08191,0.90673,0.80099,7889OS,task,811.32233,81.91
0.65936,0.75139,0.81854,7889OS,model,812.16302,659.36
0.23047,0.69398,0.88274,7889OS,model,812.88879,230.47
0.28003,0.56979,0.71103,7889OS,model,813.48206,280.03
0.23041,0.65742,0.55115,7889OS,model,813.72949,230.41
0.26379,0.50171,0.7272,7889OS,model,814.81805,263.79
0.2959,0.52078,0.52288,7889OS,model,815.18054,295.9
0.42883,0.57827,0.4988,7889OS,model,815.62616,428.83
0.32941,0.53824,0.79995,7889OS,model,815.9718,329.41
0.29724,0.60925,0.54344,7889OS,model,816.68127,297.24
0.31287,0.62336,0.59139,7889OS,model,817.06024,312.87
0.38019,0.62192,0.6317,7889OS,model,817.45642,380.19
0.44531,0.5745,0.81116,7889OS,model,818.24768,445.31
0.23029,0.64753,0.37699,7889OS,model,818.49432,230.29
0.2301,0.52564,0.702,7889OS,model,818.79114,230.1
0.21417,0.57348,0.80641,7889OS,model,819.07184,214.17
0.37952,0.56976,0.79184,7889OS,model,819.46777,379.52
0.24756,0.57884,0.5821,7889OS,model,819.78113,247.56
0.31335,0.62408,0.59011,7889OS,model,820.11035,313.35
0.21454,0.59668,0.74775,7889OS,model,820.34143,214.54
0.2478,0.57922,0.86118,7889OS,model,820.60529,247.8
0.37909,0.58048,0.70903,7889OS,model,821.00085,379.09
0.34637,0.58682,0.78667,7889OS,model,821.36322,346.37
0.39563,0.53602,0.74619,7889OS,model,821.77588,395.63
0.24762,0.4908,0.71998,7889OS,model,822.13849,247.62
0.32947,0.54404,0.81951,7889OS,model,822.53424,329.47
0.3797,0.66299,0.87778,7889OS,model,822.93018,379.7
0.41229,0.65519,0.8484,7889OS,model,823.40833,412.29
0.59375,0.66832,0.71012,7889OS,model,824.01794,593.75
0.19763,0.59131,0.75942,7889OS,model,824.3808,197.63
0.396,0.6158,0.89286,7889OS,model,824.84277,396
0.72565,0.50933,0.75053,7889OS,model,825.58478,725.65
0.21436,0.45747,0.76145,7889OS,model,826.45831,214.36
0.2467,0.22148,0.75923,7889OS,text,827.46381,246.7
0.31323,0.17946,0.72883,7889OS,text,827.79364,313.23
0.21454,0.59734,0.43221,7889OS,model,828.71722,214.54
0.27985,0.63555,0.73687,7889OS,model,829.3103,279.85
0.2146,0.34002,0.8095,7889OS,text,829.54138,214.6
0.06616,0.06771,0.68108,7889OS,hierachy,829.67371,66.16
0.24725,0.46344,0.72746,7889OS,model,832.3114,247.25
0.46106,0.21247,0.79391,7889OS,text,832.93787,461.06
0.04999,0.13886,0.57867,7889OS,text,833.21881,49.99
0.06586,0.46831,0.75842,7889OS,model,833.44904,65.86
0.21375,0.60781,0.47018,7889OS,model,833.72943,213.75
0.29688,0.20433,0.53444,7889OS,text,834.14148,296.88
0.19843,0.20623,0.54676,7889OS,text,836.41724,198.43
0.08246,0.16011,0.36218,7889OS,text,836.56543,82.46
0.06677,0.16697,0.36448,7889OS,text,836.74725,66.77
0.37915,0.18709,0.39492,7889OS,text,837.24152,379.15
0.09875,0.16233,0.34884,7889OS,text,837.35687,98.75
0.19788,0.58729,0.78381,7889OS,model,837.81836,197.88
0.19806,0.59969,0.57352,7889OS,model,838.0824,198.06
0.3631,0.60713,0.39222,7889OS,model,838.56061,363.1
0.26392,0.66364,0.29465,7889OS,model,838.84064,263.92
0.23114,0.65621,0.6414,7889OS,model,839.13788,231.14
0.42847,0.63094,0.80326,7889OS,model,839.63196,428.47
0.54437,0.56693,0.85887,7889OS,model,840.24249,544.37
0.34686,0.49169,0.9426,7889OS,model,841.46295,346.86
0.19794,0.57142,0.94477,7889OS,model,842.05597,197.94
0.23083,0.7417,0.89507,7889OS,model,842.40222,230.83
0.3631,0.596,0.67642,7889OS,model,842.83124,363.1
0.21411,0.64967,0.49231,7889OS,model,843.16046,214.11
0.21399,0.6471,0.32466,7889OS,model,843.39148,213.99
0.2804,0.63986,0.20854,7889OS,model,843.68848,280.4
0.28003,0.62807,0.4171,7889OS,model,843.9848,280.03
0.31366,0.59022,0.93995,7889OS,model,845.40295,313.66
0.28088,0.06249,0.50987,7889OS,hierachy,845.79895,280.88
0.23053,0.16446,0.5374,7889OS,text,846.04584,230.53
0.24774,0.09206,0.48475,7889OS,hierachy,846.30994,247.74
0.32983,0.0578,0.40118,7889OS,hierachy,846.65631,329.83
0.47827,0.05097,0.37146,7889OS,hierachy,847.19995,478.27
0.75861,0.09142,0.4849,7889OS,hierachy,847.97516,758.61
0.21405,0.62084,0.19466,7889OS,model,848.30444,214.05
0.37885,0.61597,0.38099,7889OS,model,848.70068,378.85
0.28027,0.62912,0.30881,7889OS,model,848.99731,280.27
0.11548,0.05149,0.29146,7889OS,hierachy,849.57428,115.48
0.11584,0.12627,0.38937,7889OS,text,849.75604,115.84
0.51135,0.06894,0.43451,7889OS,hierachy,850.53052,511.35
0.31366,0.39337,0.51864,7889OS,text,850.86041,313.66
0.28052,0.00277,0.35499,7889OS,hierachy,851.20654,280.52
0.08209,0.07331,0.49457,7889OS,hierachy,851.35516,82.09
0.24707,0.02466,0.34164,7889OS,hierachy,851.71783,247.07
0.23071,0.09735,0.48485,7889OS,hierachy,851.9649,230.71
0.23126,0.6099,0.49438,7889OS,model,852.21265,231.26
0.28003,0.62639,0.31424,7889OS,model,852.70703,280.03
0.19702,0.61553,0.5504,7889OS,model,852.92108,197.02
0.23102,0.29211,0.58537,7889OS,text,853.16852,231.02
0.27991,0.08602,0.45447,7889OS,hierachy,853.66315,279.91
0.37939,0.61711,0.5676,7889OS,model,854.15833,379.39
0.47821,0.03505,0.32427,7889OS,hierachy,854.75189,478.21
0.34729,0.20499,0.51813,7889OS,text,855.21393,347.29
0.24628,0.67081,0.38473,7889OS,model,855.57556,246.28
0.2796,0.51185,0.74048,7889OS,model,855.87262,279.6
0.21436,0.61231,0.85246,7889OS,model,856.10364,214.36
0.31323,0.08475,0.45169,7889OS,hierachy,856.92773,313.23
0.29669,0.514,0.7839,7889OS,model,858.04968,296.69
0.23083,0.57231,0.44557,7889OS,model,858.34607,230.83
0.26465,0.59538,0.24898,7889OS,model,858.77527,264.65
0.26398,0.64178,0.43872,7889OS,model,859.05536,263.98
0.28021,0.59386,0.38137,7889OS,model,859.35181,280.21
0.04956,0.04166,0.49361,7889OS,hierachy,860.43982,49.56
0.23126,0.56305,0.44333,7889OS,model,860.78662,231.26
0.7746,0.59706,0.48547,7889OS,model,861.57758,774.6
0.2309,0.56774,0.41339,7889OS,model,861.82483,230.9
0.06616,0.23614,0.75148,7889OS,text,862.45172,66.16
0.09894,0.29732,0.82206,7889OS,text,862.61676,98.94
0.23102,0.25692,0.90442,7889OS,text,863.02844,231.02
0.29669,0.59239,0.68288,7889OS,model,863.44067,296.69
0.08276,0.58404,0.60976,7889OS,model,863.53955,82.76
0.29675,0.58164,0.3066,7889OS,model,864.00122,296.75
0.08197,0.22917,0.88199,7889OS,text,865.74878,81.97
0.28094,0.63915,0.52833,7889OS,model,866.29333,280.94
0.31256,0.58056,0.35276,7889OS,model,866.62268,312.56
0.14917,0.24441,0.31427,7889OS,text,866.88721,149.17
0.11475,0.06243,0.58732,7889OS,hierachy,867.26587,114.75
0.09857,0.03969,0.57977,7889OS,hierachy,867.43054,98.57
0.21454,0.08975,0.78736,7889OS,hierachy,867.71124,214.54
0.23114,0.58039,0.9226,7889OS,model,868.00793,231.14
0.21423,0.82188,0.71446,7889OS,task,868.28815,214.23
0.19775,0.92182,0.54993,7889OS,task,868.50256,197.75
0.19788,0.55671,0.51914,7889OS,model,868.76654,197.88
0.32959,0.57881,0.37286,7889OS,model,869.16162,329.59
0.19751,0.04832,0.50495,7889OS,hierachy,869.37616,197.51
0.09888,0.03206,0.43648,7889OS,hierachy,869.54089,98.88
0.2807,0.00019,0.27138,7889OS,hierachy,870.29968,280.7
0.34619,0.70493,0.41029,7889OS,model,871.17377,346.19
0.21423,0.99409,0.52047,7889OS,task,871.96515,214.23
0.32941,0.84381,0.73535,7889OS,task,872.36066,329.41
0.2959,0.91851,0.56492,7889OS,task,872.67401,295.9
0.36292,0.78553,0.76535,7889OS,model,873.05347,362.92
0.44513,0.87285,0.65828,7889OS,task,873.56439,445.13
0.21466,0.99996,0.38305,7889OS,task,873.84454,214.66
0.26379,0.35884,0.39254,7889OS,text,874.12488,263.79
0.21509,0.09902,0.49642,7889OS,hierachy,874.4057,215.09
0.51086,0.15726,0.52893,7889OS,text,874.9325,510.86
0.26428,0.54782,0.46638,7889OS,model,875.21338,264.28
0.23077,0.57948,0.12464,7889OS,model,875.50977,230.77
0.04913,0.57456,0.2573,7889OS,model,875.67438,49.13
0.36298,0.58636,0.48469,7889OS,model,876.40009,362.98
0.21454,0.3212,0.35298,7889OS,text,876.63098,214.54
0.08301,0.17846,0.32393,7889OS,text,876.77972,83.01
0.05011,0.25434,0.45693,7889OS,text,877.83496,50.11
0.04938,0.2536,0.42591,7889OS,text,878.09821,49.38
0.19769,0.20983,0.68444,7889OS,text,878.57684,197.69
0.05023,0.1587,0.63969,7889OS,text,878.69257,50.23
0.04913,0.07446,0.14283,7889OS,hierachy,879.12036,49.13
0.21478,0.57044,0.7819,7889OS,model,879.40125,214.78
0.21393,0.58373,0.51139,7889OS,model,879.68121,213.93
0.24719,0.49149,0.57418,7889OS,model,879.94507,247.19
0.49518,0.21699,0.60814,7889OS,text,880.70416,495.18
0.29681,0.25811,0.59117,7889OS,text,881.01733,296.81
0.2467,0.31939,0.81021,7889OS,text,881.28046,246.7
0.41223,0.38329,0.81227,7889OS,text,881.70959,412.23
0.47827,0.22459,0.66773,7889OS,text,882.55048,478.27
0.47778,0.19119,0.63247,7889OS,text,883.04468,477.78
0.42871,0.33178,0.7149,7889OS,text,884.06744,428.71
0.49414,0.40613,0.73493,7889OS,model,884.57806,494.14
0.28064,0.40626,0.75851,7889OS,model,884.87531,280.64
0.21509,0.14421,0.66098,7889OS,text,885.10626,215.09
0.54358,0.14629,0.59388,7889OS,text,885.66632,543.58
0.46149,0.18858,0.55522,7889OS,text,886.19403,461.49
0.32965,0.26695,0.68055,7889OS,text,886.53992,329.65
0.32996,0.34071,0.76226,7889OS,text,886.88654,329.96
0.06567,0.31888,0.66771,7889OS,text,886.96881,65.67
0.32959,0.36026,0.67399,7889OS,text,887.41364,329.59
0.41168,0.34102,0.68737,7889OS,text,887.84253,411.68
0.32904,0.31217,0.67588,7889OS,text,888.18896,329.04
0.26355,0.38542,0.78837,7889OS,text,888.4693,263.55
0.19781,0.40185,0.8556,7889OS,model,888.78278,197.81
0.34619,0.42986,0.94912,7889OS,model,889.19482,346.19
0.52814,0.14407,0.59116,7889OS,text,890.01965,528.14
0.21478,0.16292,0.60767,7889OS,text,890.25031,214.78
0.24725,0.32338,0.68107,7889OS,text,890.56342,247.25
0.41174,0.43085,0.86954,7889OS,model,891.04163,411.74
0.23126,0.19009,0.66081,7889OS,text,891.33893,231.26
0.31354,0.26433,0.73074,7889OS,text,891.76758,313.54
0.19769,0.60239,0.83916,7889OS,model,891.98132,197.69
0.21375,0.5586,0.55247,7889OS,model,892.26154,213.75
0.21448,0.59376,0.53885,7889OS,model,892.54187,214.48
0.21405,0.58053,0.90671,7889OS,model,892.77252,214.05
0.54456,0.6164,0.79196,7889OS,model,893.33405,544.56
0.23096,0.34987,0.64833,7889OS,text,893.58105,230.96
0.24725,0.53018,0.68291,7889OS,model,893.9436,247.25
0.23071,0.55728,0.51993,7889OS,model,894.19092,230.71
0.26434,0.62102,0.44771,7889OS,model,894.47131,264.34
0.24786,0.11235,0.6083,7889OS,text,894.88348,247.86
0.65924,0.14439,0.64348,7889OS,text,895.55927,659.24
0.06512,0.20903,0.85467,7889OS,text,896.05365,65.12
0.04956,0.24778,0.90892,7889OS,text,896.44971,49.56
0.2312,0.33153,0.7951,7889OS,text,897.24158,231.2
0.08215,0.05012,0.47695,7889OS,hierachy,897.38965,82.15
0.26373,0.28576,0.49397,7889OS,text,898.84076,263.73
0.26373,0.33768,0.43357,7889OS,text,899.12048,263.73
0.26373,0.36108,0.42847,7889OS,text,899.40112,263.73
0.09839,0.37351,0.39515,7889OS,text,899.61511,98.39
0.24738,0.27466,0.62723,7889OS,text,900.47296,247.38
0.06567,0.34587,0.66606,7889OS,text,901.39569,65.67
0.21448,0.2938,0.59486,7889OS,text,901.72607,214.48
0.04913,0.30083,0.10229,7889OS,text,901.84106,49.13
0.29657,0.3468,0.43923,7889OS,text,902.30267,296.57
0.2804,0.4018,0.55907,7889OS,model,902.59961,280.4
0.24805,0.38007,0.50076,7889OS,text,904.08411,248.05
0.0661,0.21985,0.64182,7889OS,text,905.25427,66.1
0.23053,0.25985,0.68136,7889OS,text,905.55078,230.53
0.4621,0.36492,0.62854,7889OS,text,906.30981,462.1
0.39606,0.36711,0.67876,7889OS,text,906.91974,396.06
0.06598,0.26137,0.35079,7889OS,text,907.0022,65.98
0.19727,0.31673,0.61492,7889OS,text,908.41974,197.27
0.2309,0.18177,0.47895,7889OS,text,908.96381,230.9
0.34637,0.27671,0.7285,7889OS,text,909.32666,346.37
0.04919,0.16783,0.6862,7889OS,text,909.82141,49.19
0.11426,0.10698,0.5873,7889OS,text,910.15112,114.26
0.21423,0.40658,0.56985,7889OS,model,911.09088,214.23
0.23132,0.39137,0.60688,7889OS,text,911.38794,231.32
0.23157,0.28869,0.61354,7889OS,text,911.63556,231.57
0.28009,0.37168,0.61678,7889OS,text,911.93219,280.09
0.29675,0.41753,0.67854,7889OS,model,912.34363,296.75
0.31323,0.43065,0.75687,7889OS,model,912.67346,313.23
0.06647,0.16351,0.53907,7889OS,text,913.25104,66.47
0.08203,0.21394,0.55748,7889OS,text,913.72931,82.03
0.04987,0.39102,0.69022,7889OS,text,914.48773,49.87
0.0498,0.39539,0.67062,7889OS,text,914.60321,49.8
0.04962,0.19641,0.62025,7889OS,text,914.91595,49.62
0.04962,0.2111,0.67072,7889OS,text,915.41071,49.62
0.24719,0.39832,0.77777,7889OS,text,916.15271,247.19
0.23083,0.59255,0.61589,7889OS,model,916.61426,230.83
0.27991,0.13209,0.5849,7889OS,text,916.91083,279.91
0.19843,0.31561,0.74945,7889OS,text,918.13159,198.43
0.33002,0.1659,0.62878,7889OS,text,918.79083,330.02
0.06549,0.19144,0.66648,7889OS,text,919.30182,65.49
0.09888,0.21307,0.59159,7889OS,text,919.56531,98.88
0.04919,0.22037,0.47988,7889OS,text,920.07642,49.19
0.0495,0.2424,0.4598,7889OS,text,920.19208,49.5
0.36261,0.40594,0.67856,7889OS,model,921.00043,362.61
0.24677,0.38654,0.73474,7889OS,text,923.29169,246.77
0.19751,0.29733,0.50673,7889OS,text,923.50592,197.51
0.14862,0.30254,0.5337,7889OS,text,924.74292,148.62
0.06549,0.11563,0.69433,7889OS,text,925.2373,65.49
0.04974,0.29216,0.6045,7889OS,text,926.77142,49.74
0.13202,0.38695,0.61422,7889OS,text,927.62817,132.02
0.21429,0.24879,0.50705,7889OS,text,928.43604,214.29
0.21405,0.28956,0.68528,7889OS,text,928.71661,214.05
0.26471,0.40933,0.57134,7889OS,model,929.24469,264.71
0.14868,0.19722,0.53561,7889OS,text,929.82153,148.68
0.3465,0.35149,0.66146,7889OS,text,930.48114,346.5
0.52728,0.39514,0.6128,7889OS,text,931.3877,527.28
0.06635,0.29738,0.65586,7889OS,text,931.47083,66.35
0.21448,0.33607,0.75815,7889OS,text,934.50409,214.48
0.32953,0.36997,0.71995,7889OS,text,934.94916,329.53
0.13251,0.40393,0.60167,7889OS,model,936.33435,132.51
0.24713,0.35961,0.47764,7889OS,text,936.64697,247.13
0.198,0.23127,0.57371,7889OS,text,941.24792,198
0.16467,0.26386,0.64086,7889OS,text,941.74207,164.67
0.57727,0.28515,0.70484,7889OS,text,942.3855,577.27
0.04932,0.20063,0.59668,7889OS,text,943.65491,49.32
0.24731,0.29218,0.6588,7889OS,text,943.96814,247.31
0.26343,0.24638,0.6124,7889OS,text,944.29749,263.43
0.21436,0.82337,0.69049,7889OS,task,945.78125,214.36
0.26355,0.97823,0.51058,7889OS,task,946.11084,263.55
0.19788,0.96482,0.51721,7889OS,task,946.63904,197.88
0.23083,0.92094,0.55191,7889OS,task,946.93567,230.83
0.0658,0.9723,0.64094,7889OS,task,947.01807,65.8
0.09888,0.76292,0.84058,7889OS,model,947.28162,98.88
0.19739,0.98951,0.2065,7889OS,task,947.59509,197.39
0.44531,0.93008,0.22023,7889OS,task,948.10632,445.31
0.62708,0.9527,0.23841,7889OS,task,948.74951,627.08
0.21436,0.93534,0.25115,7889OS,task,949.07935,214.36
0.18103,0.95516,0.17643,7889OS,task,949.32629,181.03
0.04919,0.98777,0.12448,7889OS,task,949.44128,49.19
0.37964,0.46937,0.74148,7889OS,model,950.3324,379.64
0.23071,0.92223,0.48086,7889OS,task,950.62927,230.71
0.34644,0.92583,0.27836,7889OS,task,950.99182,346.44
0.46155,0.94365,0.4481,7889OS,task,951.46985,461.55
0.09875,0.90379,0.4019,7889OS,task,951.68433,98.75
0.23071,0.68876,0.94439,7889OS,model,951.98096,230.71
0.28015,0.85562,0.49942,7889OS,task,952.32703,280.15
0.21423,0.83863,0.56293,7889OS,task,953.06909,214.23
0.27966,0.90939,0.42919,7889OS,task,953.36584,279.66
0.23108,0.83328,0.59303,7889OS,task,953.61328,231.08
0.04956,0.90665,0.61062,7889OS,task,953.67969,49.56
0.19775,0.90947,0.57897,7889OS,task,954.00903,197.75
0.26367,0.80976,0.59672,7889OS,task,954.33875,263.67
0.39539,0.85659,0.71943,7889OS,task,955.21265,395.39
0.3468,0.85251,0.69186,7889OS,task,955.62524,346.8
0.41284,0.83626,0.57077,7889OS,task,956.05396,412.84
0.26428,0.87021,0.56829,7889OS,task,956.33398,264.28
0.04932,0.96639,0.44232,7889OS,task,956.39978,49.32
0.3623,0.68263,0.92349,7889OS,model,956.87769,362.3
0.04944,0.92051,0.60072,7889OS,task,957.1416,49.44
0.51074,0.8298,0.94199,7889OS,task,959.69702,510.74
0.32996,0.83652,0.93685,7889OS,task,961.21472,329.96
0.28076,0.79703,0.89444,7889OS,model,961.7749,280.76
0.89063,0.21381,0.71462,7889OS,text,968.43604,890.63
0.28064,0.23467,0.50317,7889OS,text,968.73279,280.64
0.24768,0.32302,0.5203,7889OS,text,968.99683,247.68
0.24744,0.28568,0.69352,7889OS,text,969.26062,247.44
0.51172,0.34237,0.71949,7889OS,text,969.78845,511.72
0.38,0.34232,0.54779,7889OS,text,970.1842,380
0.28088,0.20254,0.70848,7889OS,text,970.48096,280.88
0.27991,0.27178,0.70305,7889OS,text,970.82642,279.91
0.26428,0.14978,0.87076,7889OS,text,975.97156,264.28
0.26379,0.14197,0.76494,7889OS,text,976.30103,263.79
0.32983,0.27049,0.73893,7889OS,text,976.64734,329.83
0.23145,0.22065,0.63744,7889OS,text,976.89465,231.45
0.23096,0.33527,0.58786,7889OS,text,977.14185,230.96
0.23059,0.3413,0.70899,7889OS,text,977.38904,230.59
0.26416,0.23542,0.70514,7889OS,text,977.66943,264.16
0.34546,0.32952,0.58244,7889OS,text,978.03162,345.46
0.32959,0.20637,0.6591,7889OS,text,978.37854,329.59
0.26416,0.24065,0.71522,7889OS,text,978.65869,264.16
0.21362,0.32758,0.70202,7889OS,text,978.88916,213.62
0.3302,0.30584,0.68291,7889OS,text,979.23572,330.2
0.29675,0.34731,0.62679,7889OS,text,979.54883,296.75
0.21375,0.24267,0.66212,7889OS,text,979.77942,213.75
0.5271,0.31025,0.69832,7889OS,text,980.32349,527.1
0.32996,0.39995,0.67472,7889OS,text,980.67041,329.96
0.44482,0.31774,0.57322,7889OS,text,981.13159,444.82
0.3136,0.38072,0.76457,7889OS,text,981.46143,313.6
0.3136,0.30802,0.68535,7889OS,text,981.79126,313.6
0.31323,0.38206,0.6586,7889OS,text,983.24194,313.23
0.67627,0.36621,0.64348,7889OS,text,983.93506,676.27
0.37939,0.15669,0.51954,7889OS,text,984.33044,379.39
0.26343,0.25149,0.60086,7889OS,text,984.66003,263.43
0.28101,0.19671,0.83288,7889OS,text,984.95752,281.01
0.24731,0.79795,0.92672,7889OS,model,991.07397,247.31
0.24768,0.79819,0.90977,7889OS,model,992.11267,247.68
0.42871,0.88502,0.82844,7889OS,task,993.33301,428.71
0.39575,0.81498,0.75688,7889OS,task,993.79431,395.75
0.19763,0.22557,0.69963,7889OS,text,994.00916,197.63
0.24707,0.6177,0.76345,7889OS,model,994.56934,247.07
0.21448,0.79967,0.74338,7889OS,model,994.8501,214.48
0.39575,0.84178,0.56153,7889OS,task,995.26196,395.75
0.26392,0.83844,0.61311,7889OS,task,995.54211,263.92
0.36267,0.89875,0.66115,7889OS,task,996.33386,362.67
0.23096,0.84683,0.50917,7889OS,task,996.58069,230.96
0.26465,0.88713,0.38997,7889OS,task,996.86157,264.65
0.34583,0.95339,0.38278,7889OS,task,997.22363,345.83
0.42932,0.97928,0.22475,7889OS,task,997.71887,429.32
0.24683,0.84565,0.37133,7889OS,task,997.98218,246.83
0.26392,0.93738,0.4008,7889OS,task,998.26257,263.92
0.26343,0.97758,0.42609,7889OS,task,998.54272,263.43
0.23108,0.88575,0.25907,7889OS,task,998.79053,231.08
0.24792,0.88986,0.26779,7889OS,task,999.05444,247.92
0.26306,0.87801,0.34707,7889OS,task,999.33423,263.06
0.3623,0.91528,0.44344,7889OS,task,999.71326,362.3
0.42908,0.99,0.41286,7889OS,task,1000.15894,429.08
0.04932,0.89767,0.50627,7889OS,task,1000.22437,49.32
0.41223,0.78023,0.59017,7889OS,model,1000.6532,412.23
0.21423,0.95692,0.39195,7889OS,task,1000.88428,214.23
0.49426,0.97137,0.33509,7889OS,task,1001.39514,494.26
0.42847,0.90098,0.5308,7889OS,task,1001.88989,428.47
0.37927,0.85426,0.56003,7889OS,task,1002.28589,379.27
0.26343,0.97782,0.50104,7889OS,task,1002.5658,263.43
0.21448,0.8712,0.43014,7889OS,task,1002.79663,214.48
0.28064,0.87296,0.61553,7889OS,task,1003.09387,280.64
0.2804,0.88796,0.46263,7889OS,task,1003.39038,280.4
0.297,0.8133,0.62609,7889OS,task,1003.70386,297
0.31348,0.90244,0.54873,7889OS,task,1004.03357,313.48
0.34607,0.94304,0.59347,7889OS,task,1004.396,346.07
0.29663,0.82194,0.7727,7889OS,task,1004.70947,296.63
0.36279,0.80372,0.75078,7889OS,task,1005.45142,362.79
0.13171,0.84247,0.73405,7889OS,task,1006.01172,131.71
0.23096,0.2005,0.53606,7889OS,text,1006.50659,230.96
0.19861,0.17528,0.79244,7889OS,text,1006.72131,198.61
0.19849,0.13096,0.43284,7889OS,text,1006.93542,198.49
0.56055,0.17143,0.44137,7889OS,text,1007.56165,560.55
0.52698,0.15582,0.76807,7889OS,text,1008.10559,526.98
0.36218,0.1172,0.67376,7889OS,text,1008.88062,362.18
0.32959,0.1394,0.94067,7889OS,text,1009.22717,329.59
0.31348,0.17063,0.95015,7889OS,text,1009.60669,313.48
0.2301,0.27562,0.70121,7889OS,text,1010.31506,230.1
0.2312,0.17857,0.48624,7889OS,text,1010.61267,231.2
0.21387,0.0688,0.30202,7889OS,hierachy,1010.8429,213.87
0.34607,0.11656,0.4249,7889OS,text,1011.20593,346.07
0.24817,0.12582,0.57118,7889OS,text,1011.46985,248.17
0.3457,0.20804,0.50266,7889OS,text,1011.83191,345.7
0.23096,0.34706,0.45829,7889OS,text,1012.07959,230.96
0.57727,0.31081,0.61349,7889OS,text,1012.67346,577.27
0.46228,0.20909,0.5322,7889OS,text,1013.25037,462.28
0.37903,0.22608,0.48348,7889OS,text,1013.64587,379.03
0.2804,0.29755,0.58091,7889OS,text,1013.94263,280.4
0.19824,0.27161,0.48779,7889OS,text,1014.15698,198.24
0.36243,0.4013,0.50253,7889OS,model,1014.99792,362.43
0.44531,0.19879,0.52486,7889OS,text,1015.60779,445.31
0.37939,0.30349,0.6344,7889OS,text,1016.00391,379.39
0.41223,0.35501,0.47394,7889OS,text,1016.43262,412.23
0.51111,0.38199,0.50535,7889OS,text,1016.96008,511.11
0.26355,0.14523,0.60356,7889OS,text,1017.23999,263.55
0.36267,0.19369,0.60525,7889OS,text,1017.66882,362.67
0.29675,0.30331,0.5628,7889OS,text,1017.98218,296.75
0.32947,0.32464,0.56474,7889OS,text,1018.328,329.47
0.41211,0.35411,0.61557,7889OS,text,1018.75708,412.11
0.36279,0.23627,0.69351,7889OS,text,1019.13623,362.79
0.04883,0.14831,0.40935,7889OS,text,1019.30127,48.83
0.26355,0.36094,0.65936,7889OS,text,1019.63098,263.55
0.46179,0.33505,0.64253,7889OS,text,1020.10913,461.79
0.64319,0.23835,0.73591,7889OS,text,1020.86768,643.19
0.37927,0.26304,0.68923,7889OS,text,1021.26355,379.27
0.21411,0.13077,0.70895,7889OS,text,1021.69214,214.11
0.29712,0.14458,0.67056,7889OS,text,1022.00562,297.12
0.39539,0.19608,0.60027,7889OS,text,1022.41736,395.39
0.67578,0.2441,0.5533,7889OS,text,1023.15955,675.78
0.37927,0.24418,0.54418,7889OS,text,1024.06604,379.27
0.28027,0.33551,0.45367,7889OS,text,1024.36292,280.27
0.29688,0.37505,0.63194,7889OS,text,1024.67627,296.88
0.21448,0.1306,0.69473,7889OS,text,1024.90698,214.48
0.44531,0.19745,0.75389,7889OS,text,1025.41833,445.31
0.5116,0.16256,0.71469,7889OS,text,1025.94617,511.6
0.44556,0.13987,0.83971,7889OS,text,1026.40808,445.56
0.51123,0.18594,0.87287,7889OS,text,1026.93542,511.23
0.42871,0.22368,0.83159,7889OS,text,1027.38049,428.71
0.34583,0.18232,0.77519,7889OS,text,1027.74255,345.83
0.21411,0.25021,0.59127,7889OS,text,1027.97363,214.11
0.51074,0.30559,0.65038,7889OS,text,1028.50122,510.74
0.49487,0.34561,0.56596,7889OS,text,1029.01245,494.87
0.29688,0.41331,0.57268,7889OS,model,1029.32593,296.88
0.19788,0.10291,0.63738,7889OS,text,1029.54053,197.88
0.62598,0.18464,0.66026,7889OS,text,1030.18335,625.98
0.5603,0.26245,0.67093,7889OS,text,1030.76025,560.3
0.37891,0.37314,0.66168,7889OS,text,1031.15613,378.91
0.32959,0.22986,0.67995,7889OS,text,1031.55188,329.59
0.4939,0.16008,0.6851,7889OS,text,1032.11194,493.9
0.62659,0.21792,0.68572,7889OS,text,1032.75549,626.59
0.52771,0.32262,0.69114,7889OS,text,1033.29932,527.71
0.32983,0.38531,0.61606,7889OS,text,1033.64551,329.83
0.24768,0.10733,0.68543,7889OS,text,1033.91028,247.68
0.29651,0.16973,0.70971,7889OS,text,1034.53577,296.51
0.39551,0.23681,0.71042,7889OS,text,1034.94824,395.51
0.56104,0.22141,0.6321,7889OS,text,1035.52551,561.04
0.31274,0.2945,0.78026,7889OS,text,1035.8551,312.74
0.0498,0.12205,0.35439,7889OS,text,1035.97095,49.8
0.37976,0.34572,0.53748,7889OS,text,1036.66321,379.76
0.396,0.28767,0.36416,7889OS,text,1037.07507,396
0.23096,0.09864,0.72667,7889OS,hierachy,1037.52026,230.96
0.39624,0.21672,0.73124,7889OS,text,1037.9823,396.24
0.49463,0.28303,0.75098,7889OS,text,1038.49292,494.63
0.32959,0.36087,0.67823,7889OS,text,1038.83911,329.59
0.39587,0.15187,0.7564,7889OS,text,1039.25195,395.87
0.42847,0.18819,0.75115,7889OS,text,1039.74622,428.47
0.42847,0.32254,0.75406,7889OS,text,1040.38953,428.47
0.297,0.26491,0.16151,7889OS,text,1040.703,297
0.42822,0.19348,0.78019,7889OS,text,1041.24646,428.22
0.42834,0.33733,0.73721,7889OS,text,1042.12036,428.34
0.34644,0.29635,0.77392,7889OS,text,1042.48315,346.44
0.37915,0.39462,0.69787,7889OS,text,1042.87878,379.15
0.24646,0.14786,0.77944,7889OS,text,1043.14246,246.46
0.52759,0.19381,0.78186,7889OS,text,1043.73633,527.59
0.29736,0.26562,0.83663,7889OS,text,1044.0498,297.36
0.31372,0.08806,0.74126,7889OS,hierachy,1044.37964,313.72
0.41187,0.191,0.8082,7889OS,text,1044.8573,411.87
0.39563,0.64644,0.93043,7889OS,model,1045.26965,395.63
0.19775,0.82444,0.87585,7889OS,task,1045.6322,197.75
0.26453,0.83761,0.84862,7889OS,task,1045.91296,264.53
0.23083,0.82829,0.7744,7889OS,task,1046.16016,230.83
0.21423,0.88053,0.50479,7889OS,task,1046.43994,214.23
0.28076,0.8456,0.50393,7889OS,task,1046.7373,280.76
0.21484,0.83299,0.52048,7889OS,task,1047.44641,214.84
0.23047,0.97848,0.46645,7889OS,task,1047.69312,230.47
0.34607,0.82504,0.5728,7889OS,task,1048.05627,346.07
0.28052,0.93856,0.39693,7889OS,task,1048.35315,280.52
0.23071,0.86198,0.53895,7889OS,task,1048.60046,230.71
0.23059,0.95266,0.4911,7889OS,task,1048.84741,230.59
0.42871,0.94925,0.48605,7889OS,task,1049.2926,428.71
0.31323,0.97222,0.52125,7889OS,task,1049.62231,313.23
0.31274,0.92903,0.49945,7889OS,task,1050.00159,312.74
0.28015,0.8715,0.64641,7889OS,task,1050.29871,280.15
0.21411,0.8098,0.76776,7889OS,task,1050.52917,214.11
0.21448,0.1493,0.57681,7889OS,text,1050.76025,214.48
0.39624,0.12181,0.61288,7889OS,text,1051.22192,396.24
0.65979,0.16222,0.71518,7889OS,text,1051.89856,659.79
0.21399,0.11716,0.82293,7889OS,text,1052.1283,213.99
0.41248,0.20745,0.91911,7889OS,text,1052.5575,412.48
0.49524,0.18661,0.85241,7889OS,text,1053.06873,495.24
0.29663,0.27788,0.89648,7889OS,text,1053.38196,296.63
0.47803,0.31951,0.88127,7889OS,text,1053.87646,478.03
0.29651,0.3769,0.80025,7889OS,text,1054.18958,296.51
0.32983,0.14869,0.79941,7889OS,text,1054.58569,329.83
0.32996,0.18846,0.77311,7889OS,text,1055.32727,329.96
0.46204,0.28712,0.79808,7889OS,text,1055.80566,462.04
0.46204,0.33139,0.77224,7889OS,text,1056.43237,462.04
0.56055,0.33114,0.82549,7889OS,text,1057.00928,560.55
0.46216,0.17266,0.76443,7889OS,text,1057.68579,462.16
0.44507,0.22213,0.80263,7889OS,text,1058.14661,445.07
0.32983,0.34137,0.71759,7889OS,text,1058.49316,329.83
0.23059,0.38802,0.47901,7889OS,text,1058.74036,230.59
0.54431,0.38736,0.71822,7889OS,text,1059.40027,544.31
0.23059,0.15311,0.8844,7889OS,text,1059.64734,230.59
0.41211,0.17173,0.87436,7889OS,text,1060.12537,412.11
0.56128,0.25065,0.9146,7889OS,text,1060.70276,561.28
0.72522,0.35737,0.84465,7889OS,text,1061.4447,725.22
0.21423,0.1977,0.9427,7889OS,text,1061.87305,214.23
0.32935,0.79854,0.81335,7889OS,model,1062.99402,329.35
0.41211,0.81543,0.84719,7889OS,task,1063.4231,412.11
0.26416,0.77744,0.86115,7889OS,model,1063.70374,264.16
0.79187,0.7814,0.92748,7889OS,model,1064.5116,791.87
0.27991,0.81423,0.95015,7889OS,task,1065.26929,279.91
0.39575,0.10482,0.53924,7889OS,text,1066.37451,395.75
0.3457,0.12169,0.55977,7889OS,text,1066.78625,345.7
0.31274,0.40611,0.64966,7889OS,model,1067.11609,312.74
0.47742,0.12528,0.45076,7889OS,text,1068.66577,477.42
0.28052,0.14578,0.50506,7889OS,text,1069.01245,280.52
0.37842,0.18101,0.43822,7889OS,text,1069.40796,378.42
0.28088,0.13845,0.44881,7889OS,text,1069.70532,280.88
0.31372,0.22207,0.46341,7889OS,text,1070.03479,313.72
0.24658,0.29779,0.41479,7889OS,text,1070.34753,246.58
0.198,0.05418,0.18464,7889OS,hierachy,1070.71057,198
0.31311,0.18206,0.29733,7889OS,text,1071.08972,313.11
0.34644,0.16194,0.60658,7889OS,text,1071.50208,346.44
0.23108,0.11199,0.58891,7889OS,text,1071.79919,231.08
0.80859,0.08933,0.58727,7889OS,hierachy,1072.62366,808.59
0.19775,0.20711,0.61561,7889OS,text,1072.98596,197.75
0.36292,0.27273,0.61601,7889OS,text,1073.36536,362.92
0.41223,0.42392,0.6778,7889OS,model,1073.79382,412.23
0.2146,0.08731,0.56749,7889OS,hierachy,1074.02466,214.6
0.46155,0.15248,0.57789,7889OS,text,1074.552,461.55
0.42847,0.19629,0.55396,7889OS,text,1074.99719,428.47
0.29688,0.32961,0.65642,7889OS,text,1075.55798,296.88
0.24683,0.09459,0.62251,7889OS,hierachy,1075.82153,246.83
0.11536,0.14099,0.67008,7889OS,text,1076.00342,115.36
0.24731,0.76114,0.9581,7889OS,model,1077.15771,247.31
0.31372,0.82069,0.94003,7889OS,task,1081.08154,313.72
0.19727,0.08707,0.58125,7889OS,hierachy,1081.34509,197.27
0.57678,0.4436,0.69979,7889OS,model,1081.9884,576.78
0.29675,0.85986,0.87618,7889OS,task,1082.35144,296.75
0.28064,0.86086,0.94905,7889OS,task,1086.88538,280.64
0.19763,0.79583,0.90824,7889OS,model,1087.38025,197.63
0.05005,0.19276,0.82512,7889OS,text,1088.27051,50.05
0.28003,0.1865,0.8812,7889OS,text,1090.05115,280.03
0.36292,0.32118,0.85337,7889OS,text,1090.43042,362.92
0.27979,0.31282,0.74413,7889OS,text,1091.8313,279.79
0.24768,0.36877,0.84015,7889OS,text,1092.09546,247.68
0.23096,0.36245,0.74292,7889OS,text,1092.34302,230.96
0.23035,0.23996,0.59978,7889OS,text,1092.59021,230.35
0.31348,0.27177,0.54229,7889OS,text,1092.91992,313.48
0.31311,0.35546,0.652,7889OS,text,1093.24927,313.11
0.67627,0.2662,0.65193,7889OS,text,1093.94226,676.27
0.26379,0.22891,0.56906,7889OS,text,1094.27222,263.79
0.21411,0.16975,0.86939,7889OS,text,1094.50281,214.11
0.28003,0.13971,0.80398,7889OS,text,1094.79944,280.03
0.23108,0.11775,0.54099,7889OS,text,1095.09656,231.08
0.39539,0.18664,0.58084,7889OS,text,1095.50854,395.39
0.36255,0.36079,0.59745,7889OS,text,1095.88757,362.55
0.099,0.16424,0.69965,7889OS,text,1096.05286,99
0.19812,0.27636,0.76091,7889OS,text,1097.15759,198.12
0.29639,0.29135,0.64839,7889OS,text,1097.51978,296.39
0.36328,0.39724,0.66521,7889OS,text,1097.89954,363.28
0.49438,0.41623,0.68957,7889OS,model,1098.4104,494.38
0.24744,0.14757,0.67775,7889OS,text,1098.67468,247.44
0.31311,0.25452,0.73113,7889OS,text,1099.0531,313.11
0.28003,0.30884,0.67018,7889OS,text,1099.34985,280.03
0.29749,0.34456,0.61094,7889OS,text,1099.66406,297.49
0.47766,0.4273,0.69803,7889OS,model,1100.15784,477.66
0.51099,0.11941,0.60934,7889OS,text,1100.73535,510.99
0.49426,0.18317,0.65058,7889OS,text,1101.24597,494.26
0.13208,0.25689,0.65104,7889OS,text,1101.39465,132.08
0.65894,0.21247,0.63957,7889OS,text,1102.21887,658.94
0.29663,0.30208,0.58092,7889OS,text,1102.58167,296.63
0.06592,0.32961,0.6112,7889OS,text,1102.66406,65.92
0.39526,0.32633,0.69092,7889OS,text,1103.1261,395.26
0.23071,0.37618,0.47346,7889OS,text,1103.53796,230.71
0.21387,0.43509,0.75532,7889OS,model,1103.76855,213.87
0.23083,0.39634,0.59832,7889OS,text,1104.06616,230.83
0.59412,0.19471,0.63239,7889OS,text,1104.72534,594.12
0.04919,0.22954,0.62828,7889OS,text,1105.03857,49.19
0.26379,0.33836,0.66798,7889OS,text,1105.36853,263.79
0.34583,0.24034,0.65188,7889OS,text,1105.73071,345.83
0.36206,0.35011,0.64852,7889OS,text,1106.15942,362.06
0.36328,0.12301,0.65831,7889OS,text,1106.63806,363.28
0.2804,0.22624,0.65978,7889OS,text,1106.98425,280.4
0.37915,0.28995,0.66706,7889OS,text,1107.38,379.15
0.59326,0.22268,0.70564,7889OS,text,1107.98987,593.26
0.31274,0.91471,0.92684,7889OS,task,1109.83655,312.74
0.29651,0.85201,0.91795,7889OS,task,1110.14954,296.51
0.34644,0.99359,0.79784,7889OS,task,1110.51245,346.44
0.37964,0.91807,0.78866,7889OS,task,1110.90833,379.64
0.67578,0.89604,0.91549,7889OS,task,1111.60071,675.78
0.29712,0.93936,0.8375,7889OS,task,1111.91418,297.12
0.37866,0.95528,0.92122,7889OS,task,1112.30957,378.66
0.41345,0.88084,0.85797,7889OS,task,1114.68481,413.45
0.28088,0.89508,0.92543,7889OS,task,1120.24097,280.88
0.31335,0.88916,0.87149,7889OS,task,1122.56494,313.35
0.34607,0.89189,0.92628,7889OS,task,1125.64807,346.07
0.32947,0.62352,0.80369,7889OS,model,1126.14307,329.47
0.24731,0.87022,0.88364,7889OS,task,1126.81921,247.31
0.41248,0.85854,0.85875,7889OS,task,1127.24756,412.48
0.46155,0.87763,0.79923,7889OS,task,1127.72595,461.55
0.42908,0.85409,0.95444,7889OS,task,1128.36914,429.08
0.23071,0.91248,0.90594,7889OS,task,1130.75977,230.71
0.19763,0.90776,0.95276,7889OS,task,1131.1554,197.63
0.24719,0.50616,0.78175,7889OS,model,1131.41931,247.19
0.27991,0.28097,0.67402,7889OS,text,1131.76526,279.91
0.19751,0.61719,0.71889,7889OS,model,1132.02905,197.51
0.04956,0.64662,0.58875,7889OS,model,1132.1449,49.56
0.49426,0.55028,0.59657,7889OS,model,1132.75439,494.26
0.26392,0.95321,0.95602,7889OS,task,1133.1344,263.92
0.19788,0.89361,0.54065,7889OS,task,1133.34875,197.88
0.04932,0.74007,0.73982,7889OS,model,1133.46362,49.32
0.23083,0.62127,0.825,7889OS,model,1133.90918,230.83
0.19739,0.72212,0.58009,7889OS,model,1134.3374,197.39
0.23096,0.85344,0.64904,7889OS,task,1134.84851,230.96
0.31348,0.95812,0.56898,7889OS,task,1135.22803,313.48
0.29614,0.906,0.47251,7889OS,task,1135.54077,296.14
0.32983,0.89969,0.50333,7889OS,task,1135.88733,329.83
0.19788,0.58571,0.30088,7889OS,model,1136.10156,197.88
0.2146,0.89456,0.48717,7889OS,task,1136.38184,214.6
0.31372,0.87203,0.61895,7889OS,task,1136.95935,313.72